Example_ID,User_ID,Profile Name,Pillar,Pillar Name,Post_Text,Status
4,1,Prakash,2,NRI_CrossBorder_Wealth,"FBAR filing deadline is April 15, 2026. If you're an NRI with over $10K in Indian accounts, you need to file.

Most people I talk to have never heard of FBAR (Foreign Bank Account Report). It's not on your tax return. It's a separate filing with FinCEN.

The penalty for missing it? Starts at $12,500 per year. Not a typo.

Here's what triggers FBAR: If the total of all your foreign accounts exceeded $10K at any point during the year, you must file. This includes savings accounts, FDs, PPF, mutual funds, even joint accounts where you're a co-owner.

Your mom added you to her SBI account? That counts. Your dad opened an FD in your name 10 years ago? That counts too.

The good news: Filing is free and takes about 20 minutes once you know your account details. The bad news: Ignoring it can cost you significantly.

Set a calendar reminder for March 2026. Gather your account statements now. File on time.

Have you filed FBAR before, or is this new to you?

#NRIWealth #CrossBorderFinance #FBARCompliance",Active
5,1,Prakash,2,NRI_CrossBorder_Wealth,"Talked to 50 NRIs at our Austin workshop last month. About half couldn't answer one simple question: How much money do you actually have?

Not because they're careless. Because their money is everywhere.

One person had: 401k at current company, old 401k from previous job, Robinhood account, Vanguard brokerage, SBI savings, HDFC FD, Zerodha portfolio, some EPF in India, and crypto somewhere he couldn't remember.

When I asked his total net worth, he spent 5 minutes calculating, then gave up. His guess was off by $80K.

This isn't a tracking problem. It's a peace of mind problem. You can't make good decisions when you don't know what you have.

Most wealth management apps work great if all your money is in one country. They break down when you have assets across US and India, multiple currencies, different account types.

We built InvestMates specifically for this. Connect your accounts once, see everything in real-time. One number, updated daily.

It's not magic. It's just what should have existed already.

Do you know your exact net worth right now, or would you need to calculate it?

#NRIWealth #CrossBorderFinance #WealthTracking",Active
6,1,Prakash,3,AI_Wealth_Hybrid,"AI in wealth management is solving the wrong problem.

Everyone's building AI to pick stocks or predict markets. That's not where AI actually helps most people.

Here's what I see after working with 200+ NRI families: The hard part isn't finding good investments. The hard part is understanding your complete financial picture when you have accounts across two countries, multiple currencies, and different tax systems.

AI is excellent at three things we use it for daily:

First, connecting your scattered accounts and normalizing the data. Your US 401k, India EPF, SBI savings, and Robinhood portfolio all speak different languages. AI translates them into one view.

Second, spotting patterns humans miss. Like that $15K sitting in your checking account earning nothing when you're paying 7% on your mortgage. Or that old mutual fund in India that's underperforming by 20%.

Third, running scenarios instantly. 'What if I move back to India next year? What if I get laid off? What if I retire at 50 instead of 65?' AI gives you answers in seconds, not weeks.

But here's where AI fails: It doesn't know you're stressed about your H1B. It doesn't understand your parents need support. It can't judge if now is the right time to buy property in Bangalore given your specific family situation.

That's why we built a hybrid model. AI handles data and speed. Humans handle context and judgment.

The future of wealth management isn't AI or humans. It's both.

What's your take - would you trust AI alone with your financial decisions?

#AIFinance #WealthTech #HybridModel",Active
7,1,Prakash,3,AI_Wealth_Hybrid,"We launched Otto (our AI advisor) 6 months ago. It's had 10,000+ conversations with users about their finances.

Here's what surprised me most: AI is really good at one thing we didn't expect.

Not portfolio recommendations. Not tax calculations. Those work fine but aren't revolutionary.

The unexpected win: Getting people to actually engage with their finances.

Most people avoid looking at their money. It's stressful. It's complicated. They feel guilty about not understanding it better.

But talking to AI feels different. No judgment. No pressure. You can ask 'dumb questions' you'd never ask a human advisor.

'What's a Roth IRA again?' Ask that question 5 times if you need to. Otto doesn't care.

We see this in the data: Average human advisor call is 18 minutes, happens maybe quarterly. Average Otto conversation is 8 minutes, happens 2-3 times per week.

People use it differently. Quick questions. Middle-of-the-night worries. Hypothetical scenarios they're not ready to discuss with humans.

This is where hybrid makes sense: Otto for the frequent small questions. Human advisors for the big, complex, emotional decisions.

The goal isn't to replace human advisors. It's to make people more financially engaged so that when they do talk to a human, it's more productive.

We're building the model where AI handles volume, humans handle nuance.

Are you more likely to ask money questions to AI or humans? Why?

#AIFinance #WealthTech #FinancialPlanning",Active
8,1,Prakash,4,US_Finance_Investment,"You're making $180K at a tech company. You max out your 401k. You think you're doing great.

Then you learn about mega backdoor Roth and realize you've been leaving $30K+ per year on the table.

This happened to me. Felt terrible for about a week.

Here's the simple version: Most companies let you make after-tax 401k contributions beyond the $23K limit. You can contribute up to $69K total per year (including employer match).

Then you immediately convert those after-tax contributions to Roth. Now that money grows tax-free forever.

Why don't more people know this? Because it sounds complicated and most 401k interfaces make it hard to find.

Three steps to check if you can do this:

First, log into your 401k and look for 'after-tax contributions' or 'non-Roth after-tax contributions'. If that option exists, you can do this.

Second, check if your plan allows 'in-service distributions' or 'in-plan Roth conversions'. Most modern plans do.

Third, do the math: If you're already maxing traditional 401k ($23K) and your employer match is $10K, you can contribute another $36K as after-tax and convert it to Roth.

That's $36K per year growing tax-free for the next 30 years.

If you started this at 35 and retired at 65, that's over $1M additional in your Roth at retirement (assuming 7% annual return).

The setup takes 30 minutes and one call to your 401k provider.

Are you doing mega backdoor Roth, or is this new information?

#TechFinance #RetirementPlanning #TaxOptimization",Active
9,1,Prakash,4,US_Finance_Investment,"Your company offers ESPP (Employee Stock Purchase Plan). You're ignoring it.

Big mistake. Here's why ESPP is often the best 'investment' you'll ever make.

Most ESPPs work like this: You contribute up to 15% of your salary. Company buys stock at 15% discount. You get instant guaranteed return.

Let's use real numbers: You make $150K. You contribute the max ($22,500). Company buys stock worth $26,470 for you.

If you sell immediately, you just made $3,970 for doing nothing. That's a guaranteed 17.6% return in 6 months.

Even if the stock drops 10% on the day you sell, you still make 7.6%. Show me another investment with that risk-reward ratio.

Three common mistakes people make:

First, not enrolling because they 'don't understand it'. You don't need to understand it, you need to sign up for free money.

Second, holding the stock for tax benefits. The math usually doesn't work. The guaranteed 15% discount beats the tax savings from long-term capital gains.

Third, not having cash flow to participate. I get it, $22,500 is real money. Start with 5% contribution, prove to yourself it works, then increase it.

The only time to skip ESPP: Your company stock is genuinely risky or you already have too much concentrated in that stock.

Otherwise, this is the closest thing to free money you'll find.

Are you maxing out your ESPP, or leaving this money on the table?

#TechCompensation #ESPPStrategy #WealthBuilding",Active
10,1,Prakash,5,Industry_Commentary,"RBI just changed NRI remittance rules under LRS (Liberalized Remittance Scheme). Here's what actually matters for you.

New limit: $250K per person per year, down from unlimited before. Sounds scary, but affects fewer people than headlines suggest.

Who this actually impacts: NRIs who send more than $250K per year from India to US. That's buying significant property in India, large gifts to family, or moving substantial assets.

Who this doesn't impact: Regular remittances for supporting parents, property maintenance, or typical financial transactions. Those usually fall well under $250K annually.

The bigger change: Increased scrutiny on source of funds. RBI wants to ensure money being remitted was earned legitimately and taxes were paid.

What you should do: Keep clear documentation of income sources in India. Rental income, sale of property, inheritance - have paperwork ready.

Tax implications haven't changed. You still need to report foreign income on US tax returns. You still pay taxes in both countries with credit for taxes paid.

The practical reality: If you're sending less than $200K per year, this changes nothing for you. If you're above that, you need to plan transfers more carefully and possibly spread them across family members.

One clarification I'm seeing people get wrong: This is about sending money FROM India TO anywhere else. Not about receiving money IN India from US.

Planning any large transfers from India this year? Worth reviewing the new requirements.

#CrossBorderFinance #NRIWealth #RBIPolicy",Active
11,1,Prakash,5,Industry_Commentary,"GIFT City vs traditional Indian investments for NRIs. Let me break down what I've learned building InvestMates.

GIFT City is India's international financial services center. Think of it as India's version of Dubai or Singapore for finance.

The key advantage for NRIs: Investments in GIFT City are treated as foreign investments for tax purposes. You avoid TDS (Tax Deducted at Source) and some of the complexity of Indian taxation.

Real example: If you invest in a mutual fund through a regular Indian broker, you pay TDS on gains, then claim foreign tax credit on US returns. It's messy.

Same investment through GIFT City: No TDS, cleaner reporting, easier tax filing.

But here's the catch: GIFT City is still new. Not all investment products are available. The ecosystem is growing but not mature.

We're seeing this evolution happen in real-time. More asset managers are setting up in GIFT City. More products launching. More NRIs exploring it.

My take: If you're investing significant amounts in India ($100K+), GIFT City is worth exploring. For smaller amounts, the simplification benefit might not justify the learning curve.

We're adding GIFT City account integration to InvestMates next quarter. The demand is there.

For now, if you're interested, talk to a cross-border tax advisor who actually understands both systems. Don't rely on generic advice.

Are you using GIFT City for investments, or is this new territory?

#NRIInvesting #GIFTCity #CrossBorderWealth",Active
12,1,Prakash,6,Product_Updates,"We just launched EPF (Employees' Provident Fund) linking in the InvestMates app. You can now see your India EPF balance alongside your US 401k.

Sounds simple. Took us 4 months to build.

Here's why: EPF system wasn't designed for NRIs abroad. The infrastructure assumes you're in India, checking occasionally on a desktop, manually logging in.

We wanted something better: Real-time balance in your dashboard, no manual updates, automatic tracking of contributions and interest.

The problem we're solving: Most NRIs have EPF money sitting in India (₹5-30 lakhs typically). They forget about it. They lose track of multiple accounts from different employers. They don't know if they should withdraw it or let it grow.

Now you can see it alongside everything else. US 401k, India EPF, your savings accounts - one complete picture.

What surprised us during testing: About 40% of users had multiple EPF accounts they'd forgotten about. Old employers, different UAN numbers, accounts they didn't realize existed.

The system helps consolidate them. It shows you exactly what you have and what your options are.

Next feature we're adding: Tax impact calculator. Shows you the tax implications of withdrawing EPF now vs leaving it in India vs transferring to 401k.

If you have EPF in India and you're in the US, try linking it in the app. Takes about 90 seconds.

What's your EPF situation - one account or multiple scattered across old employers?

#ProductUpdate #BuildInPublic #NRIWealth",Active
13,1,Prakash,6,Product_Updates,"We made a mistake with our AI tax optimizer last month. Here's what happened and what we learned.

The feature was designed to find tax-loss harvesting opportunities automatically. Scan your portfolio, identify losses, suggest which positions to sell for tax benefits.

Sounds great in theory.

In practice: The AI flagged about 40 positions for one user that would have saved $8K in taxes. User approved all of them. We executed the trades.

Then our human advisor reviewed the account the next day (yes, we review every AI action). Caught a problem: 3 of those trades triggered wash sale rules.

For those unfamiliar: If you sell a stock at a loss and buy the same or substantially identical stock within 30 days, the IRS disallows the loss. It's called a wash sale.

Our AI missed it because the user had bought similar positions in a different account the week before. The AI was looking at one account, not the complete picture.

We reversed those 3 trades. Cost us money. Apologized to the user. Fixed the bug.

The lesson: This is exactly why we don't run pure AI. AI is fast, but it doesn't see context the same way humans do.

Now our process: AI flags opportunities. Human advisor reviews before execution. Both checks happen.

Slower? Yes, by about 2 hours. Better? Definitely.

This is what hybrid actually means. Not AI with humans watching. True collaboration where each catches what the other misses.

Building in public means admitting when things don't work perfectly.

Have you had similar experiences with AI tools making mistakes?

#ProductUpdate #BuildInPublic #AILearnings",Active
14,1,Prakash,7,Founder_Journey,"Three months into building InvestMates full-time. Here's what nobody tells you about leaving a VP job to start a company.

The hardest part isn't the money. I saved for this, I expected lower income initially.

The hard part is the identity shift.

For 25 years, when someone asked what I do, I had a clear answer. VP at a respected company. Everyone understood that.

Now? 'I'm building a wealth management platform for NRIs.' Half the people don't get it. Quarter of them give unsolicited advice. The rest change the subject.

At family events, relatives still introduce me with my old title. They literally can't process that I left that behind.

My dad calls every week: 'Have you thought about going back?' He means well. He's worried. He doesn't understand why anyone would leave a good job.

The imposter syndrome hits different as a founder. As a VP, I had 20 years of proof I could do the job. As a founder, I have... a pitch deck and some early users?

Three things keeping me going:

First, talking to NRIs who have the exact problem we're solving. Every user interview reminds me why this matters.

Second, my co-founder. Having someone who gets it and is equally committed makes the hard days manageable.

Third, small wins. First paying user. First positive review. First person who said 'this actually helped me.' Those matter more than I expected.

I'm not sharing this for sympathy. I'm sharing because if you're thinking about making a similar jump, know that the emotional stuff is harder than the practical stuff.

And that's okay. It's part of the process.

What was the hardest part of your career transition?

#FounderJourney #CareerChange #BuildingInPublic",Active
15,1,Prakash,7,Founder_Journey,"We almost ran out of money in month 6. Here's what I learned about runway management as a first-time founder.

Background: I raised a small friends and family round. Enough for 12 months if we were careful. We built a detailed budget spreadsheet. Felt confident.

Month 5: I realized we'd burn through everything by month 9, not month 12.

What happened: I underestimated everything. Engineering costs were higher. Marketing experiments didn't work as planned. Tools we needed weren't in the original budget. The $500 buffer we left wasn't enough.

The mistake: I was optimizing for building the perfect product. What I should have optimized for was getting to revenue faster.

We had spent 5 months building features we thought users needed. We could have launched something simpler in 2 months and started learning from real users.

What I did: Cut all non-essential expenses. Paused 2 feature developments. Shifted focus entirely to getting first 10 paying users. Personally called every person who showed interest.

We got our first paying user in week 3 of this new approach. Five more in the next 2 weeks. Barely enough revenue to matter, but psychologically huge.

The real lesson: Revenue solves almost everything. Not because you suddenly have money, but because paying users give you focus. Every decision becomes clear: Does this help users who are paying us or not?

We extended runway to month 14 through that focus shift. Then raised our seed round in month 13.

If I were starting over, I'd launch something useful but incomplete in month 1, not month 5.

What's your biggest lesson from managing startup runway?

#FounderJourney #StartupFinance #BuildingInPublic",Active
16,1,Prakash,8,Customer_Stories,"One of our early users saved $18K in taxes last year using the cross-border tax optimizer in InvestMates. Here's how.

Context: This user (let's call him Amit) is a senior engineer in Seattle. Makes about $280K. Has been sending $3K monthly to his parents in India for 5 years.

The problem: Amit was sending post-tax dollars. So he'd earn $3K, pay ~35% tax on it, then send the remaining ~$1,950 to India where his parents would use it.

What we found: His parents qualified as dependents under US tax law. He could claim them, get additional deductions, and significantly reduce his tax bill.

The specific strategy: We helped him document that he provides over 50% of his parents' support. Filed the correct forms (they need ITINs, not SSNs). Claimed them as dependents.

Result: $12K additional deduction. At his tax bracket, that's about $4K saved in federal taxes. Plus another $8K saved through optimizing his India income reporting and foreign tax credits.

Total impact: $18K over 2 years (we caught this mid-year, so we amended previous year's return too).

Why did he miss this originally: His US CPA didn't know the NRI-specific rules. His India CA didn't understand US tax law. Neither knew about the supporting parents angle.

This is exactly why we built the hybrid model: AI flags these opportunities by analyzing complete financial picture. Human advisors verify and execute.

Amit still works with his CPA. But now he has tools that actually understand cross-border complexity.

Are you supporting family in India and properly claiming all available deductions?

#CustomerSuccess #TaxOptimization #NRIWealth",Active
17,1,Prakash,8,Customer_Stories,"A user asked us yesterday: 'Why should I pay for InvestMates when I can use free tools?'

Fair question. Here's the honest answer.

Free tools work great if your situation is simple. One country, one currency, straightforward tax situation. Use Mint, use Personal Capital, save your money.

But if you're an NRI managing wealth across US and India, free tools break down quickly.

Real example from our user base: This person (software engineer, Bay Area, $320K income) was using 4 different free tools.

Mint for US accounts. Some Indian banking app for India accounts. Excel for calculations. ChatGPT for tax questions.

Every month, he'd spend 3-4 hours manually updating everything, converting currencies, checking if numbers matched. Then he'd worry he missed something.

With InvestMates: Everything connects automatically. US 401k, India EPF, SBI savings, Robinhood, Zerodha - all in one view. Currency conversion happens in real-time. Tax implications calculated correctly for both countries.

But here's the real value: Time and peace of mind.

This user told us: 'The $30/month subscription pays for itself in the first hour I don't spend messing with spreadsheets. The peace of mind knowing my FBAR filing is tracked and I won't face penalties? That's worth even more.'

Free tools are built for the American market. They don't understand NRE vs NRO accounts. They don't know about Section 80C. They don't track FBAR deadlines.

We built this specifically because free tools weren't solving our problem. If they work for you, great. If you're spending hours every month feeling stressed about your finances across two countries, we built this for you.

Our pricing is transparent: $30/month or $300/year. Try it for 30 days. If it doesn't save you time and stress, we'll refund you.

What's the biggest gap you see in free financial tools?

#CustomerSuccess #NRIWealth #ProductValue",Active